_id.programme,_id.year,count,totalCost,avgTotalCost,stdDevTotalCost,minTotalCost,maxTotalCost,ecMaxContribution,avgEcMaxContribution,stdDevEcMaxContribution,minEcMaxContribution,maxEcMaxContribution,programeDesc.RCN,programeDesc.Code,programeDesc.Title,programeDesc.ShortTitle
FP7-PEOPLE,2014,6327,4.21467644e+09,666141.3687371582,1.7619871009610635e+06,11250,2.4999245e+07,3.469046983e+09,548292.5530267109,1.0818005011814106e+06,11250,9.999698e+06,,FP7-PEOPLE,"Programme spécifique ""Personnes"" mettant en œuvre le septième programme-cadre de la Communauté européenne pour des activités de recherche, de développement technologique et de démonstration (2007-2013)","Programme spécifique ""Personnes"""
FP7-PEOPLE,2013,6220,3.97072642e+09,638380.4533762058,1.5562874459792073e+06,0,2.4999245e+07,3.419624213e+09,549778.8123794212,1.0712374114444752e+06,11250,9.999698e+06,,FP7-PEOPLE,"Programme spécifique ""Personnes"" mettant en œuvre le septième programme-cadre de la Communauté européenne pour des activités de recherche, de développement technologique et de démonstration (2007-2013)","Programme spécifique ""Personnes"""
FP7-PEOPLE,2012,5530,3.090860575e+09,558925.9629294756,1.4299004438185268e+06,0,2.4999245e+07,2.709735193e+09,490006.3640144665,1.0061833007624572e+06,11250,9.999698e+06,,FP7-PEOPLE,"Programme spécifique ""Personnes"" mettant en œuvre le septième programme-cadre de la Communauté européenne pour des activités de recherche, de développement technologique et de démonstration (2007-2013)","Programme spécifique ""Personnes"""
FP7-PEOPLE,2015,5058,3.676768912e+09,726921.4930802688,1.9012090198666104e+06,11250,2.4999245e+07,2.990045489e+09,591151.7376433373,1.1397134935387261e+06,11250,9.999698e+06,,FP7-PEOPLE,"Programme spécifique ""Personnes"" mettant en œuvre le septième programme-cadre de la Communauté européenne pour des activités de recherche, de développement technologique et de démonstration (2007-2013)","Programme spécifique ""Personnes"""
FP7-PEOPLE,2011,4710,2.136630951e+09,453637.14458598726,1.1698357959236472e+06,0,1.249971e+07,1.970731961e+09,418414.4290870488,890319.5406313227,7500,6.205912e+06,,FP7-PEOPLE,"Programme spécifique ""Personnes"" mettant en œuvre le septième programme-cadre de la Communauté européenne pour des activités de recherche, de développement technologique et de démonstration (2007-2013)","Programme spécifique ""Personnes"""
FP7-IDEAS-ERC,2014,4120,7.222244766e+09,1.7529720305825244e+06,959854.0635759969,0,1.5e+07,7.221848235e+09,1.7528757851941749e+06,960136.9470252361,97966,1.5e+07,,FP7-IDEAS-ERC,"Programme spécifique ""Idées"" mettant en œuvre le septième programme-cadre de la Communauté européenne pour des activités de recherche, de développement technologique et de démonstration (2007-2013)","Programme spécifique ""Idées"""
FP7-IDEAS-ERC,2015,3712,6.672438446e+09,1.7975319089439656e+06,988918.6093342779,0,1.5e+07,6.672983536e+09,1.7976787543103448e+06,988891.8219515987,97966,1.5e+07,,FP7-IDEAS-ERC,"Programme spécifique ""Idées"" mettant en œuvre le septième programme-cadre de la Communauté européenne pour des activités de recherche, de développement technologique et de démonstration (2007-2013)","Programme spécifique ""Idées"""
FP7-IDEAS-ERC,2013,3658,6.060883025e+09,1.6568843698742483e+06,836172.9662145049,0,1.5e+07,6.059580678e+09,1.6565283428102788e+06,836637.3142485423,98926,1.5e+07,,FP7-IDEAS-ERC,"Programme spécifique ""Idées"" mettant en œuvre le septième programme-cadre de la Communauté européenne pour des activités de recherche, de développement technologique et de démonstration (2007-2013)","Programme spécifique ""Idées"""
FP7-PEOPLE,2010,3657,1.462909545e+09,400029.95488105004,1.0451195462330008e+06,0,1.249971e+07,1.413156035e+09,386424.9480448455,837493.4896610279,7500,6.205912e+06,,FP7-PEOPLE,"Programme spécifique ""Personnes"" mettant en œuvre le septième programme-cadre de la Communauté européenne pour des activités de recherche, de développement technologique et de démonstration (2007-2013)","Programme spécifique ""Personnes"""
FP7-PEOPLE,2016,3353,2.797119144e+09,834213.8813003281,2.1697830638141525e+06,15000,2.4999245e+07,2.210374475e+09,659222.9272293468,1.239057817241883e+06,15000,9.999698e+06,,FP7-PEOPLE,"Programme spécifique ""Personnes"" mettant en œuvre le septième programme-cadre de la Communauté européenne pour des activités de recherche, de développement technologique et de démonstration (2007-2013)","Programme spécifique ""Personnes"""
FP7-IDEAS-ERC,2016,3122,5.793406821e+09,1.855671627482383e+06,1.0288516103129018e+06,149490,1.5e+07,5.793280075e+09,1.855631029788597e+06,1.0289166055080686e+06,139140,1.5e+07,,FP7-IDEAS-ERC,"Programme spécifique ""Idées"" mettant en œuvre le septième programme-cadre de la Communauté européenne pour des activités de recherche, de développement technologique et de démonstration (2007-2013)","Programme spécifique ""Idées"""
FP7-IDEAS-ERC,2012,2851,4.576184554e+09,1.605115592423711e+06,601213.128242644,0,3.499799e+06,4.575524777e+09,1.604884172921782e+06,601447.2569787923,98926,3.499799e+06,,FP7-IDEAS-ERC,"Programme spécifique ""Idées"" mettant en œuvre le septième programme-cadre de la Communauté européenne pour des activités de recherche, de développement technologique et de démonstration (2007-2013)","Programme spécifique ""Idées"""
FP7-PEOPLE,2009,2282,9.46841261e+08,414917.2922874671,1.0588188509962268e+06,0,1.2460326e+07,9.50780067e+08,416643.32471516216,895798.2283565716,7500,6.205912e+06,,FP7-PEOPLE,"Programme spécifique ""Personnes"" mettant en œuvre le septième programme-cadre de la Communauté européenne pour des activités de recherche, de développement technologique et de démonstration (2007-2013)","Programme spécifique ""Personnes"""
FP7-IDEAS-ERC,2017,2237,4.32976421e+09,1.935522668752794e+06,1.15648411019393e+06,481087,1.5e+07,4.329764209e+09,1.9355226683057665e+06,1.1564841102701237e+06,481087,1.5e+07,,FP7-IDEAS-ERC,"Programme spécifique ""Idées"" mettant en œuvre le septième programme-cadre de la Communauté européenne pour des activités de recherche, de développement technologique et de démonstration (2007-2013)","Programme spécifique ""Idées"""
FP7-IDEAS-ERC,2011,1987,3.183799837e+09,1.602314965777554e+06,581467.3043935022,0,3.499127e+06,3.184006159e+09,1.6024188017111223e+06,580730.4491398674,156538,3.499127e+06,,FP7-IDEAS-ERC,"Programme spécifique ""Idées"" mettant en œuvre le septième programme-cadre de la Communauté européenne pour des activités de recherche, de développement technologique et de démonstration (2007-2013)","Programme spécifique ""Idées"""
FP7-PEOPLE,2017,1535,1.847153428e+09,1.2033572820846906e+06,2.894236657518488e+06,15000,2.4999245e+07,1.337459255e+09,871308.9609120521,1.5037841119801998e+06,15000,9.999698e+06,,FP7-PEOPLE,"Programme spécifique ""Personnes"" mettant en œuvre le septième programme-cadre de la Communauté européenne pour des activités de recherche, de développement technologique et de démonstration (2007-2013)","Programme spécifique ""Personnes"""
FP7-ICT,2013,1492,7.406476173e+09,4.9641261213136725e+06,4.816550197871768e+06,196670,7.4612812e+07,5.232246982e+09,3.506867950402145e+06,3.2905599460300547e+06,100000,5.4e+07,,FP7-ICT,"Programme spécifique ""Coopération"":  Technologies de l’information et de la communication",Technologies de l'information et de la communication
FP7-IDEAS-ERC,2018,1406,2.889752245e+09,2.0553003165007113e+06,1.3872679195595612e+06,481087,1.5e+07,2.889752244e+09,2.0553003157894737e+06,1.3872679197220288e+06,481087,1.5e+07,,FP7-IDEAS-ERC,"Programme spécifique ""Idées"" mettant en œuvre le septième programme-cadre de la Communauté européenne pour des activités de recherche, de développement technologique et de démonstration (2007-2013)","Programme spécifique ""Idées"""
FP7-ICT,2012,1319,6.622247261e+09,5.020657514025777e+06,4.179439609571854e+06,196670,6.8512782e+07,4.630398569e+09,3.5105372016679305e+06,2.722176879126861e+06,100000,4.0999e+07,,FP7-ICT,"Programme spécifique ""Coopération"":  Technologies de l’information et de la communication",Technologies de l'information et de la communication
FP7-ICT,2014,1279,6.359875329e+09,4.972537395621579e+06,5.012261631045537e+06,247769,7.4612812e+07,4.532398291e+09,3.5437046841282253e+06,3.44645502596061e+06,199000,5.4e+07,,FP7-ICT,"Programme spécifique ""Coopération"":  Technologies de l’information et de la communication",Technologies de l'information et de la communication
FP7-IDEAS-ERC,2010,1268,1.980820863e+09,1.5621615638801262e+06,599604.0397611228,0,3.499127e+06,1.981027185e+09,1.5623242783911673e+06,598494.8605550918,156538,3.499127e+06,,FP7-IDEAS-ERC,"Programme spécifique ""Idées"" mettant en œuvre le septième programme-cadre de la Communauté européenne pour des activités de recherche, de développement technologique et de démonstration (2007-2013)","Programme spécifique ""Idées"""
FP7-ICT,2011,1241,6.352764695e+09,5.119069053182917e+06,4.329218521181281e+06,131760,6.8512782e+07,4.429741906e+09,3.569493880741338e+06,2.784824457856739e+06,100000,4.0999e+07,,FP7-ICT,"Programme spécifique ""Coopération"":  Technologies de l’information et de la communication",Technologies de l'information et de la communication
FP7-ICT,2010,1070,5.249138825e+09,4.905737219626168e+06,3.989907322919753e+06,118318,2.8414646e+07,3.647902173e+09,3.4092543672897196e+06,2.6036099640352675e+06,99000,1.896976e+07,,FP7-ICT,"Programme spécifique ""Coopération"":  Technologies de l’information et de la communication",Technologies de l'information et de la communication
FP7-PEOPLE,2008,1040,3.88042681e+08,373117.9625,818545.2593792265,15000,5.8e+06,3.84530597e+08,369740.9586538462,818942.9607862417,15000,5.8e+06,,FP7-PEOPLE,"Programme spécifique ""Personnes"" mettant en œuvre le septième programme-cadre de la Communauté européenne pour des activités de recherche, de développement technologique et de démonstration (2007-2013)","Programme spécifique ""Personnes"""
FP7-ICT,2015,932,4.75376506e+09,5.100606287553648e+06,5.044679047871142e+06,247769,7.4612812e+07,3.39686422e+09,3.644704098712446e+06,3.5631907365633096e+06,199000,5.4e+07,,FP7-ICT,"Programme spécifique ""Coopération"":  Technologies de l’information et de la communication",Technologies de l'information et de la communication
FP7-IDEAS-ERC,2009,718,1.06530739e+09,1.4837150278551532e+06,600541.9720192718,323118,3.46e+06,1.064077312e+09,1.48200182729805e+06,601172.9354124123,323118,3.46e+06,,FP7-IDEAS-ERC,"Programme spécifique ""Idées"" mettant en œuvre le septième programme-cadre de la Communauté européenne pour des activités de recherche, de développement technologique et de démonstration (2007-2013)","Programme spécifique ""Idées"""
FP7-HEALTH,2013,710,5.114491818e+09,7.203509602816901e+06,4.94004947683877e+06,101830,4.0876617e+07,3.789718933e+09,5.3376323e+06,3.54502453225652e+06,100000,2.9998903e+07,,FP7-HEALTH,"Programme spécifique ""Coopération"": Santé",Santé
FP7-IDEAS-ERC,2019,688,1.566276092e+09,2.2765640872093025e+06,1.8785906499538317e+06,481087,1.5e+07,1.566276091e+09,2.276564085755814e+06,1.8785906503702123e+06,481087,1.5e+07,,FP7-IDEAS-ERC,"Programme spécifique ""Idées"" mettant en œuvre le septième programme-cadre de la Communauté européenne pour des activités de recherche, de développement technologique et de démonstration (2007-2013)","Programme spécifique ""Idées"""
FP7-HEALTH,2012,687,4.618173878e+09,6.722232719068414e+06,4.922661667307645e+06,101830,4.0876617e+07,3.417467088e+09,4.9744790218340615e+06,3.526224408116209e+06,100000,2.9996664e+07,,FP7-HEALTH,"Programme spécifique ""Coopération"": Santé",Santé
FP7-HEALTH,2014,637,4.742352909e+09,7.444824032967033e+06,4.906154034651139e+06,134580,4.0876617e+07,3.510574846e+09,5.511106508634223e+06,3.5216167868645857e+06,120000,2.9998903e+07,,FP7-HEALTH,"Programme spécifique ""Coopération"": Santé",Santé
FP7-SME,2013,615,1.036026237e+09,1.6845955073170732e+06,582599.7136586081,430710,4.023409e+06,7.63158067e+08,1.2409074260162602e+06,440375.89626773825,206000,3.1185e+06,,FP7-SME,"Programme spécifique ""Capacités"": Recherche en faveur des PME",Recherche en faveur des PME
FP7-ICT,2009,613,2.987908434e+09,4.87423888091354e+06,4.1410793773665973e+06,118318,2.7538372e+07,2.079408299e+09,3.3921831957585644e+06,2.7197930955374315e+06,99300,1.896976e+07,,FP7-ICT,"Programme spécifique ""Coopération"":  Technologies de l’information et de la communication",Technologies de l'information et de la communication
FP7-HEALTH,2011,609,3.868490537e+09,6.352201210180624e+06,5.06204712763127e+06,101830,4.0876617e+07,2.866382231e+09,4.706703170771757e+06,3.6883146369927353e+06,100000,2.9996664e+07,,FP7-HEALTH,"Programme spécifique ""Coopération"": Santé",Santé
FP7-NMP,2013,558,3.435817236e+09,6.157378559139785e+06,4.380058046416355e+06,232701,4.9522358e+07,2.364853129e+09,4.238088044802868e+06,2.614784697977221e+06,197415,1.7985409e+07,,FP7-NMP,"Programme spécifique ""Coopération"":  Nanosciences, nanotechnologies, matériaux et nouvelles technologies de production","Nanosciences, nanotechnologies, matériaux et nouvelles technologies de production"
FP7-SME,2012,535,9.11900134e+08,1.704486231775701e+06,637945.7885370302,430710,4.023409e+06,6.75610063e+08,1.2628225476635513e+06,480509.76812027366,206000,3.1185e+06,,FP7-SME,"Programme spécifique ""Capacités"": Recherche en faveur des PME",Recherche en faveur des PME
FP7-NMP,2012,521,3.051305809e+09,5.856633030710173e+06,3.9427521320380676e+06,312633,2.9355245e+07,2.11787196e+09,4.0650133589251437e+06,2.5384604974575024e+06,243000,1.7985409e+07,,FP7-NMP,"Programme spécifique ""Coopération"":  Nanosciences, nanotechnologies, matériaux et nouvelles technologies de production","Nanosciences, nanotechnologies, matériaux et nouvelles technologies de production"
FP7-SME,2014,520,8.84706531e+08,1.7013587134615385e+06,545359.8283058491,594800,4.012486e+06,6.48653467e+08,1.2474105134615384e+06,408877.05394928873,369840,2.978002e+06,,FP7-SME,"Programme spécifique ""Capacités"": Recherche en faveur des PME",Recherche en faveur des PME
FP7-HEALTH,2015,517,4.077947346e+09,7.887712468085106e+06,4.962357220392072e+06,538282,4.0876617e+07,3.011838657e+09,5.825606686653771e+06,3.5510042291457406e+06,496000,2.9998903e+07,,FP7-HEALTH,"Programme spécifique ""Coopération"": Santé",Santé
FP7-ICT,2016,500,2.769713299e+09,5.539426598e+06,5.834269469480683e+06,335238,7.4612812e+07,2.002413151e+09,4.004826302e+06,4.174855330024243e+06,300000,5.4e+07,,FP7-ICT,"Programme spécifique ""Coopération"":  Technologies de l’information et de la communication",Technologies de l'information et de la communication
FP7-ICT,2008,499,2.522184383e+09,5.054477721442886e+06,4.283760289399492e+06,235560,2.7538372e+07,1.736617976e+09,3.480196344689379e+06,2.7791132806418175e+06,210000,1.6998662e+07,,FP7-ICT,"Programme spécifique ""Coopération"":  Technologies de l’information et de la communication",Technologies de l'information et de la communication
FP7-SME,2011,496,8.23390591e+08,1.6600616754032257e+06,631985.2376383772,378615,4.023409e+06,6.1259913e+08,1.2350788911290322e+06,473006.99007367395,189308,3.1185e+06,,FP7-SME,"Programme spécifique ""Capacités"": Recherche en faveur des PME",Recherche en faveur des PME
FP7-NMP,2014,477,2.962131145e+09,6.209918542976939e+06,4.356428713382001e+06,232701,4.9522358e+07,2.050405003e+09,4.298542983228511e+06,2.5668660197124393e+06,197415,1.5999203e+07,,FP7-NMP,"Programme spécifique ""Coopération"":  Nanosciences, nanotechnologies, matériaux et nouvelles technologies de production","Nanosciences, nanotechnologies, matériaux et nouvelles technologies de production"
FP7-HEALTH,2010,476,2.808310895e+09,5.899812804621848e+06,4.749452711162166e+06,263438,2.1899739e+07,2.082195815e+09,4.374360955882353e+06,3.435511936069309e+06,210574,1.2e+07,,FP7-HEALTH,"Programme spécifique ""Coopération"": Santé",Santé
FP7-JTI,2014,460,1.713064762e+09,3.7240538304347824e+06,9.329203902200826e+06,70000,9.391997e+07,6.54944559e+08,1.4237925195652174e+06,2.5501375063014426e+06,52499,2.5907168e+07,,FP7-JTI,"Programme spécifique ""Coopération"": Initiatives technologiques conjointes",Initiatives technologiques conjointes
FP7-JTI,2013,459,1.526602036e+09,3.3259303616557736e+06,8.172108915111763e+06,70000,8.1956227e+07,5.84955103e+08,1.2744119891067538e+06,2.3462467099049985e+06,52499,2.5907168e+07,,FP7-JTI,"Programme spécifique ""Coopération"": Initiatives technologiques conjointes",Initiatives technologiques conjointes
FP7-PEOPLE,2018,427,8.20355118e+08,1.9212063653395784e+06,4.451750051717561e+06,46200,2.4986741e+07,4.35350001e+08,1.019555037470726e+06,1.890569300083779e+06,46200,9.994696e+06,,FP7-PEOPLE,"Programme spécifique ""Personnes"" mettant en œuvre le septième programme-cadre de la Communauté européenne pour des activités de recherche, de développement technologique et de démonstration (2007-2013)","Programme spécifique ""Personnes"""
FP7-NMP,2011,427,2.460696445e+09,5.762755140515222e+06,3.9799298879229063e+06,484212,2.9355245e+07,1.717336169e+09,4.0218645644028103e+06,2.604854777423169e+06,268000,1.7989814e+07,,FP7-NMP,"Programme spécifique ""Coopération"":  Nanosciences, nanotechnologies, matériaux et nouvelles technologies de production","Nanosciences, nanotechnologies, matériaux et nouvelles technologies de production"
FP7-TRANSPORT,2012,425,2.564576675e+09,6.03429805882353e+06,8.347172749434969e+06,17542,6.780383e+07,1.675086306e+09,3.941379543529412e+06,5.007321267570798e+06,15000,4.0199771e+07,,FP7-TRANSPORT,"Programme spécifique ""Coopération"": Transports (y compris l’aéronautique)",Transports (y compris l’aéronautique)
FP7-TRANSPORT,2013,408,2.426607703e+09,5.947567899509804e+06,8.389136936855588e+06,17542,6.780383e+07,1.584999154e+09,3.884801848039216e+06,5.045404830956748e+06,15000,4.0199771e+07,,FP7-TRANSPORT,"Programme spécifique ""Coopération"": Transports (y compris l’aéronautique)",Transports (y compris l’aéronautique)
FP7-KBBE,2013,394,2.020828128e+09,5.129005401015229e+06,3.3025238009235435e+06,544125,2.0522739e+07,1.4961054e+09,3.7972218274111673e+06,2.375286558737472e+06,495655,1.3920237e+07,,FP7-KBBE,"Programme spécifique ""Coopération"": Alimentation, agriculture et biotechnologie","Alimentation, agriculture et pêche, et biotechnologie"
FP7-TRANSPORT,2011,389,2.268572864e+09,5.831806848329049e+06,8.48018985382475e+06,17542,6.780383e+07,1.481375331e+09,3.8081628046272495e+06,5.084624097146372e+06,15000,4.0199771e+07,,FP7-TRANSPORT,"Programme spécifique ""Coopération"": Transports (y compris l’aéronautique)",Transports (y compris l’aéronautique)
FP7-JTI,2012,380,1.212230499e+09,3.190080260526316e+06,7.780537677017747e+06,39940,8.1956227e+07,4.52779368e+08,1.191524652631579e+06,2.3841040150221023e+06,29955,2.5907168e+07,,FP7-JTI,"Programme spécifique ""Coopération"": Initiatives technologiques conjointes",Initiatives technologiques conjointes
FP7-NMP,2015,378,2.470146128e+09,6.534778116402117e+06,4.461559650189724e+06,470087,4.9522358e+07,1.703477654e+09,4.50655464021164e+06,2.542441255916626e+06,442602,1.5999203e+07,,FP7-NMP,"Programme spécifique ""Coopération"":  Nanosciences, nanotechnologies, matériaux et nouvelles technologies de production","Nanosciences, nanotechnologies, matériaux et nouvelles technologies de production"
FP7-SME,2010,367,6.12494197e+08,1.6689215177111716e+06,666036.8586828337,378615,4.023409e+06,4.56059289e+08,1.2426683623978202e+06,503683.3651720524,189308,3.1185e+06,,FP7-SME,"Programme spécifique ""Capacités"": Recherche en faveur des PME",Recherche en faveur des PME
FP7-KBBE,2012,361,1.690993524e+09,4.684192587257618e+06,3.004144316191765e+06,188149,2.0522739e+07,1.256134631e+09,3.4795973157894737e+06,2.1664511508555673e+06,79983,1.3920237e+07,,FP7-KBBE,"Programme spécifique ""Coopération"": Alimentation, agriculture et biotechnologie","Alimentation, agriculture et pêche, et biotechnologie"
FP7-ENVIRONMENT,2012,356,1.658721438e+09,4.659329882022472e+06,3.048303528898315e+06,548600,1.69945e+07,1.243215966e+09,3.492179679775281e+06,2.2212792447165768e+06,487610,1.2973123e+07,,FP7-ENVIRONMENT,"Programme spécifique ""Coopération"": Environnement (y compris les changements climatiques)",Environnement (y compris les changements climatiques)
FP7-HEALTH,2009,348,1.792438478e+09,5.150685281609195e+06,4.2183912864328725e+06,263438,2.1355988e+07,1.327731805e+09,3.815321278735632e+06,3.0529467678841706e+06,210574,1.2e+07,,FP7-HEALTH,"Programme spécifique ""Coopération"": Santé",Santé
FP7-KBBE,2014,345,1.878244289e+09,5.444186344927536e+06,3.4336577719599083e+06,164747,2.0522739e+07,1.393799022e+09,4.039997165217391e+06,2.4773404141305336e+06,149607,1.3920237e+07,,FP7-KBBE,"Programme spécifique ""Coopération"": Alimentation, agriculture et biotechnologie","Alimentation, agriculture et pêche, et biotechnologie"
FP7-NMP,2010,342,1.93558567e+09,5.659607222222222e+06,3.9699043895006413e+06,322204,2.9355245e+07,1.352710766e+09,3.9552946374269007e+06,2.6173693911401154e+06,268000,1.7989814e+07,,FP7-NMP,"Programme spécifique ""Coopération"":  Nanosciences, nanotechnologies, matériaux et nouvelles technologies de production","Nanosciences, nanotechnologies, matériaux et nouvelles technologies de production"
FP7-ENVIRONMENT,2013,340,1.772044373e+09,5.211895214705883e+06,3.214916976357697e+06,548600,1.69945e+07,1.329069386e+09,3.909027605882353e+06,2.365986788134894e+06,487610,1.2973123e+07,,FP7-ENVIRONMENT,"Programme spécifique ""Coopération"": Environnement (y compris les changements climatiques)",Environnement (y compris les changements climatiques)
FP7-HEALTH,2016,332,2.747880976e+09,8.276749927710843e+06,4.98334817352497e+06,545671,4.0876617e+07,2.033522057e+09,6.1250664367469875e+06,3.5559021533987243e+06,496367,2.9998903e+07,,FP7-HEALTH,"Programme spécifique ""Coopération"": Santé",Santé
FP7-SME,2015,331,5.6948364e+08,1.7204943806646527e+06,554351.3221418227,594800,3.8805e+06,4.17825783e+08,1.2623135438066465e+06,419423.62698126724,369840,2.978002e+06,,FP7-SME,"Programme spécifique ""Capacités"": Recherche en faveur des PME",Recherche en faveur des PME
FP7-IDEAS-ERC,2008,326,3.93792123e+08,1.2079512975460123e+06,472941.3118731486,363600,2.544156e+06,3.93138904e+08,1.2059475582822086e+06,471373.03758391505,363600,2.544156e+06,,FP7-IDEAS-ERC,"Programme spécifique ""Idées"" mettant en œuvre le septième programme-cadre de la Communauté européenne pour des activités de recherche, de développement technologique et de démonstration (2007-2013)","Programme spécifique ""Idées"""
FP7-JTI,2015,326,1.446337851e+09,4.436619174846626e+06,1.0677037487294199e+07,70000,9.391997e+07,5.5999074e+08,1.7177630061349694e+06,2.996650038806248e+06,52499,2.5907168e+07,,FP7-JTI,"Programme spécifique ""Coopération"": Initiatives technologiques conjointes",Initiatives technologiques conjointes
FP7-ENVIRONMENT,2011,321,1.34244445e+09,4.182069937694704e+06,2.8690695956788245e+06,646560,1.458095e+07,1.004674189e+09,3.1298261339563862e+06,2.065161909245592e+06,495128,1.05e+07,,FP7-ENVIRONMENT,"Programme spécifique ""Coopération"": Environnement (y compris les changements climatiques)",Environnement (y compris les changements climatiques)
FP7-TRANSPORT,2014,315,1.962504277e+09,6.230172307936508e+06,9.050392927937163e+06,231316,6.780383e+07,1.270286825e+09,4.032656587301587e+06,5.403247743637406e+06,200000,4.0199771e+07,,FP7-TRANSPORT,"Programme spécifique ""Coopération"": Transports (y compris l’aéronautique)",Transports (y compris l’aéronautique)
FP7-TRANSPORT,2010,310,1.706545205e+09,5.5049845322580645e+06,7.70913542741439e+06,18987,6.5117504e+07,1.115676475e+09,3.598956370967742e+06,4.603795152498237e+06,15000,4.0199771e+07,,FP7-TRANSPORT,"Programme spécifique ""Coopération"": Transports (y compris l’aéronautique)",Transports (y compris l’aéronautique)
FP7-KBBE,2011,283,1.213944714e+09,4.289557293286219e+06,2.838112426657833e+06,188149,2.0522739e+07,8.93999988e+08,3.159010558303887e+06,2.004572635698857e+06,79983,1.3920237e+07,,FP7-KBBE,"Programme spécifique ""Coopération"": Alimentation, agriculture et biotechnologie","Alimentation, agriculture et pêche, et biotechnologie"
FP7-ENVIRONMENT,2014,278,1.558385772e+09,5.605704215827338e+06,3.3001373934276e+06,987392,1.69945e+07,1.161693786e+09,4.1787546258992804e+06,2.432313399186755e+06,600000,1.2973123e+07,,FP7-ENVIRONMENT,"Programme spécifique ""Coopération"": Environnement (y compris les changements climatiques)",Environnement (y compris les changements climatiques)
FP7-JTI,2011,265,7.82619361e+08,2.95328060754717e+06,8.126800301271242e+06,39940,8.1956227e+07,2.73242349e+08,1.0311032037735849e+06,2.1355659905488137e+06,24910,2.5878334e+07,,FP7-JTI,"Programme spécifique ""Coopération"": Initiatives technologiques conjointes",Initiatives technologiques conjointes
FP7-NMP,2009,253,1.42419269e+09,5.629220118577075e+06,4.194786285516847e+06,279659,2.9355245e+07,9.94917655e+08,3.9324808498023716e+06,2.7227248958574156e+06,199938,1.7989814e+07,,FP7-NMP,"Programme spécifique ""Coopération"":  Nanosciences, nanotechnologies, matériaux et nouvelles technologies de production","Nanosciences, nanotechnologies, matériaux et nouvelles technologies de production"
FP7-ENERGY,2013,249,2.008863778e+09,8.067726016064257e+06,7.8215868226284245e+06,176356,5.6701862e+07,1.257510228e+09,5.050241879518072e+06,4.26189548070935e+06,124005,3.1774565e+07,,FP7-ENERGY,"Programme spécifique ""Coopération"": Énergie",Énergie
FP7-TRANSPORT,2009,245,1.388779706e+09,5.668488595918368e+06,8.396690459810011e+06,23698,6.5117504e+07,9.1340702e+08,3.7281919183673467e+06,5.041458363883776e+06,15000,4.0199771e+07,,FP7-TRANSPORT,"Programme spécifique ""Coopération"": Transports (y compris l’aéronautique)",Transports (y compris l’aéronautique)
FP7-KBBE,2015,243,1.479482851e+09,6.088406794238683e+06,3.507030279493642e+06,164747,1.6581571e+07,1.097127727e+09,4.514928917695473e+06,2.5453074031110853e+06,149607,1.2484835e+07,,FP7-KBBE,"Programme spécifique ""Coopération"": Alimentation, agriculture et biotechnologie","Alimentation, agriculture et pêche, et biotechnologie"
FP7-ENVIRONMENT,2010,230,9.35752501e+08,4.0684891347826086e+06,2.9087204553596005e+06,615512,1.458095e+07,7.01022933e+08,3.047925795652174e+06,2.0883633057060726e+06,548831,9.994842e+06,,FP7-ENVIRONMENT,"Programme spécifique ""Coopération"": Environnement (y compris les changements climatiques)",Environnement (y compris les changements climatiques)
FP7-NMP,2016,229,1.680152578e+09,7.336910820960699e+06,4.8409488292556675e+06,499065,4.9522358e+07,1.144806184e+09,4.999153641921397e+06,2.5385376134480652e+06,445000,1.3499939e+07,,FP7-NMP,"Programme spécifique ""Coopération"":  Nanosciences, nanotechnologies, matériaux et nouvelles technologies de production","Nanosciences, nanotechnologies, matériaux et nouvelles technologies de production"
FP7-SECURITY,2014,227,1.522339338e+09,6.706340696035243e+06,7.114682783154668e+06,553420,4.8354957e+07,1.083974376e+09,4.7752175154185025e+06,4.680349291403731e+06,498600,3.3468209e+07,,FP7-SECURITY,"Programme spécifique ""Coopération"": Sécurité",Sécurité
FP7-INFRASTRUCTURES,2011,225,1.65674584e+09,7.363314844444444e+06,1.3464978994331747e+07,169061,1.77677472e+08,1.067957094e+09,4.746475973333334e+06,6.889775516737416e+06,120000,9.3e+07,,FP7-INFRASTRUCTURES,"Programme spécifique ""Capacités"": Infrastructures de recherche",Infrastructures de recherche
FP7-SME,2009,224,3.52912008e+08,1.5755000357142857e+06,596861.0430583522,484020,3.962776e+06,2.62218617e+08,1.170618825892857e+06,452785.13322002115,315700,3.040906e+06,,FP7-SME,"Programme spécifique ""Capacités"": Recherche en faveur des PME",Recherche en faveur des PME
FP7-INFRASTRUCTURES,2012,223,1.665705353e+09,7.4695307309417045e+06,1.3567514078335337e+07,169061,1.77677472e+08,1.095511293e+09,4.912606695067264e+06,7.022622829221127e+06,120000,9.3e+07,,FP7-INFRASTRUCTURES,"Programme spécifique ""Capacités"": Infrastructures de recherche",Infrastructures de recherche
FP7-SPACE,2013,222,7.01040109e+08,3.157838328828829e+06,3.5013193353791567e+06,335510,4.1180971e+07,4.96977206e+08,2.238636063063063e+06,2.313840511642391e+06,299813,2.7999446e+07,,FP7-SPACE,"Programme spécifique ""Coopération"": Espace",Espace
FP7-ENERGY,2014,220,2.279451036e+09,1.0361141072727272e+07,1.7386188575808514e+07,579155,2.24588486e+08,1.296959884e+09,5.8952722e+06,5.410337010721211e+06,425285,3.5499975e+07,,FP7-ENERGY,"Programme spécifique ""Coopération"": Énergie",Énergie
FP7-ENERGY,2012,217,1.715889743e+09,7.907326004608295e+06,7.91364925812237e+06,176356,5.6701862e+07,1.065062973e+09,4.90812429953917e+06,4.311796739322882e+06,128400,3.1774565e+07,,FP7-ENERGY,"Programme spécifique ""Coopération"": Énergie",Énergie
FP7-HEALTH,2008,213,1.141877701e+09,5.36092817370892e+06,4.413944494904004e+06,263438,2.1355988e+07,8.44050306e+08,3.9626774929577466e+06,3.2015347388840504e+06,210574,1.2e+07,,FP7-HEALTH,"Programme spécifique ""Coopération"": Santé",Santé
FP7-TRANSPORT,2015,203,1.451721689e+09,7.151338369458128e+06,1.0258568244991519e+07,534349,6.780383e+07,9.33645922e+08,4.599240995073891e+06,6.146408237555526e+06,499920,4.0199771e+07,,FP7-TRANSPORT,"Programme spécifique ""Coopération"": Transports (y compris l’aéronautique)",Transports (y compris l’aéronautique)
FP7-KBBE,2010,201,8.64074142e+08,4.298876328358209e+06,2.5779617312965556e+06,66560,2.0522739e+07,6.30411606e+08,3.136376149253731e+06,1.7928921011495353e+06,60000,1.3920237e+07,,FP7-KBBE,"Programme spécifique ""Coopération"": Alimentation, agriculture et biotechnologie","Alimentation, agriculture et pêche, et biotechnologie"
FP7-ENERGY,2011,200,1.442389103e+09,7.211945515e+06,7.197997559122753e+06,364281,5.6701862e+07,8.90246144e+08,4.45123072e+06,3.8920948795904964e+06,175000,3.1774565e+07,,FP7-ENERGY,"Programme spécifique ""Coopération"": Énergie",Énergie
FP7-ENVIRONMENT,2015,197,1.167065185e+09,5.924188756345178e+06,3.4394195160285803e+06,987392,1.69945e+07,8.69439215e+08,4.413397030456853e+06,2.560435072999866e+06,600000,1.2973123e+07,,FP7-ENVIRONMENT,"Programme spécifique ""Coopération"": Environnement (y compris les changements climatiques)",Environnement (y compris les changements climatiques)
FP7-INFRASTRUCTURES,2010,196,1.373248117e+09,7.006367943877551e+06,1.4456817020576447e+07,194280,1.77677472e+08,8.79887837e+08,4.489223658163265e+06,7.4736245312243495e+06,75000,9.3e+07,,FP7-INFRASTRUCTURES,"Programme spécifique ""Capacités"": Infrastructures de recherche",Infrastructures de recherche
FP7-INFRASTRUCTURES,2013,189,1.632873884e+09,8.63954435978836e+06,1.5461767064906709e+07,278576,1.77677472e+08,1.077780268e+09,5.702541100529101e+06,7.915094965982069e+06,240000,9.3e+07,,FP7-INFRASTRUCTURES,"Programme spécifique ""Capacités"": Infrastructures de recherche",Infrastructures de recherche
FP7-ENERGY,2010,183,1.158191772e+09,6.328916786885246e+06,6.498250690540253e+06,286932,5.6701862e+07,7.19529057e+08,3.931852770491803e+06,3.612130894159449e+06,143466,3.1774565e+07,,FP7-ENERGY,"Programme spécifique ""Coopération"": Énergie",Énergie
FP7-SECURITY,2013,180,1.193491018e+09,6.630505655555556e+06,6.371060424911035e+06,553420,4.3434221e+07,8.40375174e+08,4.668750966666667e+06,4.125893269307469e+06,498600,2.7847579e+07,,FP7-SECURITY,"Programme spécifique ""Coopération"": Sécurité",Sécurité
FP7-ENERGY,2015,173,1.975298127e+09,1.1417908248554913e+07,1.9571365002358586e+07,579155,2.24588486e+08,1.097276749e+09,6.342640167630058e+06,5.967509139358789e+06,425285,3.5499975e+07,,FP7-ENERGY,"Programme spécifique ""Coopération"": Énergie",Énergie
FP7-HEALTH,2017,170,1.494217887e+09,8.78951698235294e+06,4.487288569133775e+06,2.241685e+06,3.9560968e+07,1.102830273e+09,6.4872369e+06,3.1413486881765495e+06,1.998314e+06,2.9998903e+07,,FP7-HEALTH,"Programme spécifique ""Coopération"": Santé",Santé
FP7-SECURITY,2015,170,1.174669408e+09,6.9098200470588235e+06,7.246912295691352e+06,966039,4.8354957e+07,8.42168923e+08,4.953934841176471e+06,4.817718987097847e+06,881742,3.3468209e+07,,FP7-SECURITY,"Programme spécifique ""Coopération"": Sécurité",Sécurité
FP7-SPACE,2014,166,5.6284356e+08,3.3906238554216865e+06,3.9294493518030685e+06,545480,4.1180971e+07,3.98192029e+08,2.3987471626506024e+06,2.592694838380302e+06,425114,2.7999446e+07,,FP7-SPACE,"Programme spécifique ""Coopération"": Espace",Espace
FP7-JTI,2016,160,1.043720731e+09,6.52325456875e+06,1.4388438423898576e+07,97800,9.391997e+07,3.82722189e+08,2.39201368125e+06,3.951937907469702e+06,73350,2.5907168e+07,,FP7-JTI,"Programme spécifique ""Coopération"": Initiatives technologiques conjointes",Initiatives technologiques conjointes
FP7-ENVIRONMENT,2009,159,6.45784984e+08,4.061540779874214e+06,2.9327123433548287e+06,361800,1.458095e+07,4.79701247e+08,3.016988974842767e+06,2.105242813459416e+06,164908,9.994842e+06,,FP7-ENVIRONMENT,"Programme spécifique ""Coopération"": Environnement (y compris les changements climatiques)",Environnement (y compris les changements climatiques)
FP7-SPACE,2012,156,5.93536942e+08,3.804723987179487e+06,6.924290823111446e+06,90722,5.5008475e+07,4.12876211e+08,2.646642378205128e+06,4.511257272598384e+06,80000,3.38e+07,,FP7-SPACE,"Programme spécifique ""Coopération"": Espace",Espace
FP7-SECURITY,2012,155,1.008873823e+09,6.508863374193548e+06,6.307320255173919e+06,527034,4.3434221e+07,7.07531141e+08,4.564717038709678e+06,4.047168347247655e+06,468279,2.7847579e+07,,FP7-SECURITY,"Programme spécifique ""Coopération"": Sécurité",Sécurité
FP7-KBBE,2016,148,1.064471215e+09,7.192373074324325e+06,3.1915092952026385e+06,1.177267e+06,1.4154061e+07,7.88644986e+08,5.328682337837838e+06,2.3274731885193354e+06,999907,9.465907e+06,,FP7-KBBE,"Programme spécifique ""Coopération"": Alimentation, agriculture et biotechnologie","Alimentation, agriculture et pêche, et biotechnologie"
FP7-INFRASTRUCTURES,2009,144,1.069925409e+09,7.4300375625e+06,1.560833976278637e+07,158180,1.77677472e+08,6.91256654e+08,4.800393430555556e+06,8.223622036184251e+06,104000,9.3e+07,,FP7-INFRASTRUCTURES,"Programme spécifique ""Capacités"": Infrastructures de recherche",Infrastructures de recherche
FP7-INFRASTRUCTURES,2014,140,1.1586002e+09,8.275715714285715e+06,1.0031543001514293e+07,485612,8.5205382e+07,7.81417148e+08,5.581551057142857e+06,4.909048850593802e+06,250000,4.18e+07,,FP7-INFRASTRUCTURES,"Programme spécifique ""Capacités"": Infrastructures de recherche",Infrastructures de recherche
FP7-SPACE,2011,137,5.73295889e+08,4.1846415255474453e+06,7.696338290887583e+06,90722,5.5008475e+07,4.13359148e+08,3.0172200583941606e+06,5.817075413380653e+06,80000,4.8e+07,,FP7-SPACE,"Programme spécifique ""Coopération"": Espace",Espace
FP7-SSH,2011,136,3.59296961e+08,2.641889419117647e+06,2.8717130062271054e+06,199616,2.88991e+07,2.62109909e+08,1.9272787426470588e+06,1.4371764330355425e+06,149618,7.994449e+06,,FP7-SSH,"Programme spécifique ""Coopération"": Sciences socio-économiques et humaines",Sciences socio-économiques et humaines
FP7-SSH,2010,135,2.96220676e+08,2.1942272296296298e+06,2.4862568225243934e+06,282532,2.88991e+07,2.11981603e+08,1.5702340962962962e+06,802147.0387773042,150000,5.9891e+06,,FP7-SSH,"Programme spécifique ""Coopération"": Sciences socio-économiques et humaines",Sciences socio-économiques et humaines
FP7-PEOPLE,NaN,133,1.729632e+07,130047.51879699249,97062.3739261227,7500,392423,1.726392e+07,129803.90977443609,97266.27261135355,7500,392423,,FP7-PEOPLE,"Programme spécifique ""Personnes"" mettant en œuvre le septième programme-cadre de la Communauté européenne pour des activités de recherche, de développement technologique et de démonstration (2007-2013)","Programme spécifique ""Personnes"""
FP7-KBBE,2009,133,5.73130586e+08,4.30925252631579e+06,2.442543059855225e+06,866381,1.120643e+07,4.19277595e+08,3.152463120300752e+06,1.6954807560987102e+06,699989,5.999998e+06,,FP7-KBBE,"Programme spécifique ""Coopération"": Alimentation, agriculture et biotechnologie","Alimentation, agriculture et pêche, et biotechnologie"
FP7-REGPOT,2011,125,2.17797406e+08,1.742379248e+06,1.0290820058800805e+06,412834,4.705895e+06,1.82762647e+08,1.462101176e+06,863615.377824356,370000,3.9827e+06,,FP7-REGPOT,"Programme spécifique ""Capacités"": Potentiel de recherche des régions de convergence",Potentiel de recherche des régions de convergence
FP7-JTI,2010,123,3.60827833e+08,2.9335596178861787e+06,1.0171550265177611e+07,30000,8.1956227e+07,1.13812483e+08,925304.7398373984,2.65505244473084e+06,22499,2.5878334e+07,,FP7-JTI,"Programme spécifique ""Coopération"": Initiatives technologiques conjointes",Initiatives technologiques conjointes
FP7-SECURITY,2011,123,7.43006392e+08,6.04070237398374e+06,6.610805745976803e+06,439962,4.3434221e+07,5.12996603e+08,4.1707040894308942e+06,4.201018594851178e+06,219981,2.7847579e+07,,FP7-SECURITY,"Programme spécifique ""Coopération"": Sécurité",Sécurité
FP7-REGPOT,2012,121,2.72734734e+08,2.2540060661157025e+06,1.2587471465852233e+06,621960,5.42857e+06,2.32278787e+08,1.9196593966942148e+06,1.0981777878030909e+06,529971,4.750465e+06,,FP7-REGPOT,"Programme spécifique ""Capacités"": Potentiel de recherche des régions de convergence",Potentiel de recherche des régions de convergence
FP7-ENERGY,2009,120,6.62890018e+08,5.524083483333333e+06,4.82174331100267e+06,286932,2.8258244e+07,4.11773706e+08,3.43144755e+06,2.587974077640149e+06,143466,1.4749681e+07,,FP7-ENERGY,"Programme spécifique ""Coopération"": Énergie",Énergie
FP7-SECURITY,2016,120,8.54157328e+08,7.117977733333333e+06,7.435824887587944e+06,966039,4.8354957e+07,6.12667859e+08,5.105565491666666e+06,4.969380000737502e+06,889888,3.3468209e+07,,FP7-SECURITY,"Programme spécifique ""Coopération"": Sécurité",Sécurité
FP7-PEOPLE,2007,117,1.1039075e+07,94351.06837606838,52143.327302246165,30000,347629,9.181955e+06,78478.24786324786,28965.779179082754,30000,207000,,FP7-PEOPLE,"Programme spécifique ""Personnes"" mettant en œuvre le septième programme-cadre de la Communauté européenne pour des activités de recherche, de développement technologique et de démonstration (2007-2013)","Programme spécifique ""Personnes"""
FP7-ENVIRONMENT,2016,117,7.88759274e+08,6.741532256410256e+06,3.502093407458979e+06,1.121076e+06,1.6296451e+07,5.84233846e+08,4.993451675213675e+06,2.615421302672498e+06,998000,1.1988935e+07,,FP7-ENVIRONMENT,"Programme spécifique ""Coopération"": Environnement (y compris les changements climatiques)",Environnement (y compris les changements climatiques)
FP7-SME,2008,116,1.83999787e+08,1.5862050603448276e+06,624745.1692224445,499198,3.85748e+06,1.37496395e+08,1.18531375e+06,478527.0886399632,498550,2.926833e+06,,FP7-SME,"Programme spécifique ""Capacités"": Recherche en faveur des PME",Recherche en faveur des PME
FP7-INCO,2013,116,1.86239319e+08,1.6055113706896552e+06,2.9621785145987174e+06,109700,3.1154999e+07,1.33261842e+08,1.1488089827586208e+06,940286.6626397907,100000,4e+06,,FP7-INCO,"Programme spécifique ""Capacités"": Coopération internationale",Coopération internationale
FP7-REGPOT,2010,116,1.58842496e+08,1.3693318620689656e+06,788687.4535342412,75480,4.705895e+06,1.31314933e+08,1.1320252844827587e+06,603098.0215206598,67303,3.15e+06,,FP7-REGPOT,"Programme spécifique ""Capacités"": Potentiel de recherche des régions de convergence",Potentiel de recherche des régions de convergence
FP7-INCO,2012,115,1.44312815e+08,1.254894043478261e+06,1.1143910345146037e+06,422454,4.937798e+06,1.17464386e+08,1.0214294434782609e+06,938948.1357810724,376693,4.199999e+06,,FP7-INCO,"Programme spécifique ""Capacités"": Coopération internationale",Coopération internationale
FP7-SSH,2014,114,5.13834327e+08,4.507318657894737e+06,3.7907281415231833e+06,599060,2.88991e+07,3.71615686e+08,3.2597867192982454e+06,1.9279855352845578e+06,499775,8e+06,,FP7-SSH,"Programme spécifique ""Coopération"": Sciences socio-économiques et humaines",Sciences socio-économiques et humaines
FP7-ENERGY,2016,112,1.519030145e+09,1.3562769151785715e+07,2.3700384396714427e+07,579155,2.24588486e+08,8.03657478e+08,7.175513196428572e+06,6.911039436881177e+06,425285,3.5499975e+07,,FP7-ENERGY,"Programme spécifique ""Coopération"": Énergie",Énergie
FP7-SPACE,2015,111,3.58704684e+08,3.2315737297297297e+06,1.9776562615298163e+06,661335,1.5890993e+07,2.56280481e+08,2.3088331621621624e+06,1.113418075646604e+06,486129,7.998703e+06,,FP7-SPACE,"Programme spécifique ""Coopération"": Espace",Espace
FP7-SSH,2009,110,2.23627855e+08,2.0329805e+06,2.6948964022416756e+06,282532,2.88991e+07,1.55689166e+08,1.4153560545454544e+06,743565.5706842274,217874,5.9891e+06,,FP7-SSH,"Programme spécifique ""Coopération"": Sciences socio-économiques et humaines",Sciences socio-économiques et humaines
FP7-SSH,2012,108,3.96638552e+08,3.672579185185185e+06,3.654665783079571e+06,199616,2.88991e+07,2.83008588e+08,2.620449888888889e+06,1.9028890606655548e+06,149618,8e+06,,FP7-SSH,"Programme spécifique ""Coopération"": Sciences socio-économiques et humaines",Sciences socio-économiques et humaines
FP7-NMP,2008,107,6.47816553e+08,6.0543603084112145e+06,3.8006225373504283e+06,279659,1.9576716e+07,4.54830881e+08,4.250755897196262e+06,2.534958229646092e+06,199938,1.3629109e+07,,FP7-NMP,"Programme spécifique ""Coopération"":  Nanosciences, nanotechnologies, matériaux et nouvelles technologies de production","Nanosciences, nanotechnologies, matériaux et nouvelles technologies de production"
FP7-TRANSPORT,2016,106,9.73894093e+08,9.18768012264151e+06,1.2224234570464153e+07,534349,6.780383e+07,6.15030108e+08,5.8021708301886795e+06,7.339640323155868e+06,507145,4.0199771e+07,,FP7-TRANSPORT,"Programme spécifique ""Coopération"": Transports (y compris l’aéronautique)",Transports (y compris l’aéronautique)
FP7-REGPOT,2013,106,3.24474289e+08,3.0610781981132077e+06,1.3436725213282902e+06,420654,6.236754e+06,2.79435527e+08,2.636184216981132e+06,1.134290135887008e+06,400000,4.95392e+06,,FP7-REGPOT,"Programme spécifique ""Capacités"": Potentiel de recherche des régions de convergence",Potentiel de recherche des régions de convergence
FP7-SSH,2013,103,4.3470896e+08,4.220475339805826e+06,3.7443554289973527e+06,202302,2.88991e+07,3.15825376e+08,3.066265786407767e+06,1.9946060531703695e+06,150000,8e+06,,FP7-SSH,"Programme spécifique ""Coopération"": Sciences socio-économiques et humaines",Sciences socio-économiques et humaines
FP7-TRANSPORT,2008,102,6.6265619e+08,6.49662931372549e+06,9.897794462698223e+06,23698,6.5117504e+07,4.3887339e+08,4.302680294117647e+06,6.016239415305064e+06,15000,4.0199771e+07,,FP7-TRANSPORT,"Programme spécifique ""Coopération"": Transports (y compris l’aéronautique)",Transports (y compris l’aéronautique)
FP7-SME,2016,100,1.90190226e+08,1.90190226e+06,599995.957430525,594800,3.757275e+06,1.38822133e+08,1.38822133e+06,442113.44505760196,369840,2.662568e+06,,FP7-SME,"Programme spécifique ""Capacités"": Recherche en faveur des PME",Recherche en faveur des PME
FP7-EURATOM-FISSION,2013,100,5.51424264e+08,5.51424264e+06,5.398858168523649e+06,382800,3.9588707e+07,2.93399835e+08,2.93399835e+06,2.2731388322108057e+06,150000,1.2999999e+07,,FP7-EURATOM-FISSION,EURATOM: Fission nucléaire et radioprotection,Fission nucléaire et radioprotection
FP7-SSH,2015,99,4.50309781e+08,4.548583646464647e+06,3.13564968770358e+06,1.200933e+06,1.8181819e+07,3.37848335e+08,3.4126094444444445e+06,1.9702523017941422e+06,999566,8e+06,,FP7-SSH,"Programme spécifique ""Coopération"": Sciences socio-économiques et humaines",Sciences socio-économiques et humaines
FP7-REGPOT,2009,96,1.05667405e+08,1.1007021354166667e+06,667563.4379258713,39141,3.533562e+06,8.672445e+07,903379.6875,506155.58058524836,34901,2.8e+06,,FP7-REGPOT,"Programme spécifique ""Capacités"": Potentiel de recherche des régions de convergence",Potentiel de recherche des régions de convergence
FP7-REGPOT,2014,95,3.16023759e+08,3.3265658842105265e+06,1.176971128919284e+06,1.150921e+06,6.236754e+06,2.72545162e+08,2.868896442105263e+06,1.0097250512978245e+06,1.150921e+06,4.95392e+06,,FP7-REGPOT,"Programme spécifique ""Capacités"": Potentiel de recherche des régions de convergence",Potentiel de recherche des régions de convergence
FP7-INFRASTRUCTURES,2008,93,4.81024424e+08,5.1723056344086025e+06,6.713179064960597e+06,122148,4.9022472e+07,2.98140111e+08,3.20580764516129e+06,3.6082321025648564e+06,91611,3.2e+07,,FP7-INFRASTRUCTURES,"Programme spécifique ""Capacités"": Infrastructures de recherche",Infrastructures de recherche
FP7-NMP,2017,92,8.33002507e+08,9.054375076086957e+06,4.222719478667238e+06,1.711827e+06,2.3026658e+07,5.8147099e+08,6.320336847826087e+06,2.669980232726557e+06,1.5e+06,1.3499939e+07,,FP7-NMP,"Programme spécifique ""Coopération"":  Nanosciences, nanotechnologies, matériaux et nouvelles technologies de production","Nanosciences, nanotechnologies, matériaux et nouvelles technologies de production"
FP7-INCO,2014,92,1.62600156e+08,1.767393e+06,3.2533124907529918e+06,170220,3.1154999e+07,1.15080028e+08,1.2508698695652173e+06,933785.3680058089,100000,4e+06,,FP7-INCO,"Programme spécifique ""Capacités"": Coopération internationale",Coopération internationale
FP7-SIS,2011,92,1.66654588e+08,1.8114629130434783e+06,1.5504568442256164e+06,154900,8.161949e+06,1.33374466e+08,1.449722456521739e+06,1.2456820588170404e+06,55000,5.913773e+06,,FP7-SIS,"Programme spécifique ""Capacités"": La science dans la société",La science dans la société
FP7-INCO,2011,90,1.03812065e+08,1.153467388888889e+06,1.0970121711837386e+06,310652,4.937798e+06,8.4215316e+07,935725.7333333333,924174.5223323087,299997,4.199999e+06,,FP7-INCO,"Programme spécifique ""Capacités"": Coopération internationale",Coopération internationale
FP7-EURATOM-FISSION,2012,87,4.75999888e+08,5.47126308045977e+06,5.943007898045333e+06,382800,3.9588707e+07,2.40550161e+08,2.764944379310345e+06,2.390595361687276e+06,150000,1.2999999e+07,,FP7-EURATOM-FISSION,EURATOM: Fission nucléaire et radioprotection,Fission nucléaire et radioprotection
FP7-SIS,2010,87,1.11986318e+08,1.2871990574712644e+06,1.0561993341586306e+06,168224,5.9224e+06,9.1429329e+07,1.0509118275862068e+06,958648.8786137894,55000,5.19e+06,,FP7-SIS,"Programme spécifique ""Capacités"": La science dans la société",La science dans la société
FP7-SECURITY,2010,85,4.62348744e+08,5.439396988235294e+06,5.097195111544134e+06,521281,2.3538607e+07,3.15638216e+08,3.713390776470588e+06,3.201541472584522e+06,220000,1.4864308e+07,,FP7-SECURITY,"Programme spécifique ""Coopération"": Sécurité",Sécurité
FP7-ICT,2017,82,5.8181672e+08,7.095325853658536e+06,5.026496594496303e+06,2.048828e+06,2.5614056e+07,4.15560122e+08,5.067806365853659e+06,3.6046526238508835e+06,1.582081e+06,1.975e+07,,FP7-ICT,"Programme spécifique ""Coopération"":  Technologies de l’information et de la communication",Technologies de l'information et de la communication
FP7-EURATOM-FISSION,2011,79,4.20874547e+08,5.327525911392405e+06,6.018262631261735e+06,406172,3.9588707e+07,2.09195667e+08,2.648046417721519e+06,2.2958990029485105e+06,349000,1.2999999e+07,,FP7-EURATOM-FISSION,EURATOM: Fission nucléaire et radioprotection,Fission nucléaire et radioprotection
FP7-SIS,2012,79,1.81981173e+08,2.3035591518987343e+06,1.7147683484781059e+06,154900,8.161949e+06,1.47225199e+08,1.8636101139240507e+06,1.3789541659077466e+06,107814,5.913773e+06,,FP7-SIS,"Programme spécifique ""Capacités"": La science dans la société",La science dans la société
FP7-SIS,2014,78,2.43246504e+08,3.118544923076923e+06,1.679492629926225e+06,386074,8.161949e+06,1.96793365e+08,2.522991858974359e+06,1.381103645467348e+06,299996,6.942031e+06,,FP7-SIS,"Programme spécifique ""Capacités"": La science dans la société",La science dans la société
FP7-SSH,2008,76,1.25961848e+08,1.6573927368421052e+06,625869.9613394219,282532,3.990001e+06,9.6745124e+07,1.2729621578947369e+06,470821.11478931,217874,3.305999e+06,,FP7-SSH,"Programme spécifique ""Coopération"": Sciences socio-économiques et humaines",Sciences socio-économiques et humaines
FP7-KBBE,2017,76,6.13777989e+08,8.076026171052632e+06,3.0282967122466783e+06,1.249851e+06,1.4154061e+07,4.48411014e+08,5.900144921052632e+06,2.2442096275324496e+06,999980,9e+06,,FP7-KBBE,"Programme spécifique ""Coopération"": Alimentation, agriculture et biotechnologie","Alimentation, agriculture et pêche, et biotechnologie"
FP7-SIS,2013,76,2.16117769e+08,2.8436548552631577e+06,1.6845943227591584e+06,386074,8.161949e+06,1.75777247e+08,2.312858513157895e+06,1.3723140594432908e+06,299996,6e+06,,FP7-SIS,"Programme spécifique ""Capacités"": La science dans la société",La science dans la société
FP7-EURATOM-FISSION,2014,75,3.99077218e+08,5.321029573333333e+06,4.0701556525339256e+06,582915,2.129132e+07,2.28829678e+08,3.0510623733333335e+06,2.281375588885529e+06,471706,1.2999999e+07,,FP7-EURATOM-FISSION,EURATOM: Fission nucléaire et radioprotection,Fission nucléaire et radioprotection
FP7-REGPOT,2015,75,2.63048684e+08,3.5073157866666666e+06,1.2110371075251196e+06,1.150921e+06,6.236754e+06,2.2685436e+08,3.0247248e+06,1.0434179113817946e+06,1.150921e+06,4.95392e+06,,FP7-REGPOT,"Programme spécifique ""Capacités"": Potentiel de recherche des régions de convergence",Potentiel de recherche des régions de convergence
FP7-INFRASTRUCTURES,2015,74,7.1906265e+08,9.717062837837838e+06,1.0300026546892269e+07,485612,8.5205382e+07,4.95590641e+08,6.697170824324325e+06,5.230596869626245e+06,433000,4.18e+07,,FP7-INFRASTRUCTURES,"Programme spécifique ""Capacités"": Infrastructures de recherche",Infrastructures de recherche
FP7-SIS,2009,74,7.0622347e+07,954356.0405405406,600702.6807415345,66000,5.240157e+06,5.7736541e+07,780223.527027027,529653.1390805156,55000,4.699928e+06,,FP7-SIS,"Programme spécifique ""Capacités"": La science dans la société",La science dans la société
FP7-SSH,2016,73,3.52280662e+08,4.825762493150685e+06,3.3208374589724382e+06,1.605546e+06,1.8181819e+07,2.61592976e+08,3.5834654246575343e+06,1.9701840239126184e+06,1.467505e+06,8e+06,,FP7-SSH,"Programme spécifique ""Coopération"": Sciences socio-économiques et humaines",Sciences socio-économiques et humaines
FP7-HEALTH,2018,73,6.99529647e+08,9.58259790410959e+06,5.341399456509886e+06,2.241685e+06,3.9560968e+07,5.21015449e+08,7.137197931506849e+06,3.983785947203984e+06,2e+06,2.9998903e+07,,FP7-HEALTH,"Programme spécifique ""Coopération"": Santé",Santé
FP7-ENERGY,2008,72,3.79365383e+08,5.268963652777778e+06,4.761404405370705e+06,363000,2.8258244e+07,2.37646354e+08,3.3006438055555555e+06,2.378955670164686e+06,150000,1.4749681e+07,,FP7-ENERGY,"Programme spécifique ""Coopération"": Énergie",Énergie
FP7-KBBE,2008,67,2.64310119e+08,3.944927149253731e+06,2.3681259188411795e+06,870894,1.120643e+07,1.95030537e+08,2.910903537313433e+06,1.603968917108092e+06,775003,5.90257e+06,,FP7-KBBE,"Programme spécifique ""Coopération"": Alimentation, agriculture et biotechnologie","Alimentation, agriculture et pêche, et biotechnologie"
FP7-SPACE,2010,66,3.80187893e+08,5.760422621212121e+06,1.0280782862760942e+07,154600,5.5008475e+07,2.76937923e+08,4.196029136363637e+06,7.860970129681941e+06,150000,4.8e+07,,FP7-SPACE,"Programme spécifique ""Coopération"": Espace",Espace
FP7-SPACE,2016,64,2.35116018e+08,3.67368778125e+06,2.3620857126401253e+06,2.045108e+06,1.5890993e+07,1.66360325e+08,2.599380078125e+06,1.2728611740543833e+06,1.613666e+06,7.998703e+06,,FP7-SPACE,"Programme spécifique ""Coopération"": Espace",Espace
FP7-ENVIRONMENT,2008,62,2.46006616e+08,3.96784864516129e+06,2.7849047389804744e+06,304897,1.458095e+07,1.79919829e+08,2.9019327258064514e+06,1.8708204922899057e+06,164908,9.65e+06,,FP7-ENVIRONMENT,"Programme spécifique ""Coopération"": Environnement (y compris les changements climatiques)",Environnement (y compris les changements climatiques)
FP7-INCO,2010,62,8.2063405e+07,1.3236033064516129e+06,1.2223687695473738e+06,310652,4.937798e+06,6.5718498e+07,1.0599757741935484e+06,1.0436515812099581e+06,299997,4.199999e+06,,FP7-INCO,"Programme spécifique ""Capacités"": Coopération internationale",Coopération internationale
FP7-SECURITY,2017,60,5.19063e+08,8.65105e+06,8.592747809435708e+06,2.634214e+06,4.8354957e+07,3.72082877e+08,6.201381283333333e+06,5.673881666794963e+06,2.213041e+06,3.3468209e+07,,FP7-SECURITY,"Programme spécifique ""Coopération"": Sécurité",Sécurité
FP7-INCO,2015,59,1.32093574e+08,2.23887413559322e+06,3.9413799226742457e+06,335550,3.1154999e+07,8.9064673e+07,1.5095707288135593e+06,955967.2134507939,299199,4e+06,,FP7-INCO,"Programme spécifique ""Capacités"": Coopération internationale",Coopération internationale
FP7-EURATOM-FISSION,2015,58,3.39347504e+08,5.8508190344827585e+06,4.243227371799872e+06,645589,2.129132e+07,1.9759108e+08,3.4067427586206896e+06,2.375900233775736e+06,530000,1.2999999e+07,,FP7-EURATOM-FISSION,EURATOM: Fission nucléaire et radioprotection,Fission nucléaire et radioprotection
FP7-EURATOM-FISSION,2010,56,3.10330012e+08,5.541607357142857e+06,6.833553598777338e+06,172635,3.9588707e+07,1.49625276e+08,2.6718799285714286e+06,2.528519328142904e+06,125300,1.2999999e+07,,FP7-EURATOM-FISSION,EURATOM: Fission nucléaire et radioprotection,Fission nucléaire et radioprotection
FP7-SECURITY,2009,55,2.57570284e+08,4.683096072727272e+06,4.98714617555492e+06,521281,2.3538607e+07,1.75739852e+08,3.195270036363636e+06,3.168121377567188e+06,200000,1.4864308e+07,,FP7-SECURITY,"Programme spécifique ""Coopération"": Sécurité",Sécurité
FP7-ENERGY,2017,53,1.062396329e+09,2.004521375471698e+07,3.1513228141695835e+07,1.685964e+06,2.24588486e+08,5.20078278e+08,9.812797698113207e+06,7.582225139339764e+06,1.499996e+06,3.5499975e+07,,FP7-ENERGY,"Programme spécifique ""Coopération"": Énergie",Énergie
FP7-REGPOT,2016,53,1.86111552e+08,3.511538716981132e+06,1.3073472997754083e+06,1.150921e+06,6.236754e+06,1.60115695e+08,3.021050849056604e+06,1.12737733334825e+06,1.150921e+06,4.95392e+06,,FP7-REGPOT,"Programme spécifique ""Capacités"": Potentiel de recherche des régions de convergence",Potentiel de recherche des régions de convergence
FP7-SIS,2015,52,1.80623863e+08,3.473535826923077e+06,1.5062376535116553e+06,529839,7.75853e+06,1.47673043e+08,2.8398662115384615e+06,1.3223606527121859e+06,500000,6.942031e+06,,FP7-SIS,"Programme spécifique ""Capacités"": La science dans la société",La science dans la société
FP7-REGIONS,2010,48,5.8932353e+07,1.2277573541666667e+06,917152.0578158757,189840,3.585941e+06,5.0595294e+07,1.054068625e+06,788056.5583764602,169924,2.949032e+06,,FP7-REGIONS,"Programme spécifique ""Capacités"": Régions de la connaissance",Régions de la connaissance
FP7-ENVIRONMENT,2017,48,4.34145221e+08,9.044692104166666e+06,3.0313710282612923e+06,2.665241e+06,1.6296451e+07,3.19495459e+08,6.656155395833333e+06,2.4264129227297194e+06,1.789323e+06,1.1988935e+07,,FP7-ENVIRONMENT,"Programme spécifique ""Coopération"": Environnement (y compris les changements climatiques)",Environnement (y compris les changements climatiques)
FP7-REGIONS,2013,41,1.03587938e+08,2.526535073170732e+06,685568.3105884432,216243,3.344483e+06,9.062173e+07,2.2102860975609757e+06,608627.18563068,200000,2.949032e+06,,FP7-REGIONS,"Programme spécifique ""Capacités"": Régions de la connaissance",Régions de la connaissance
FP7-REGPOT,2008,41,3.7702126e+07,919564.0487804879,411716.8743654624,39141,1.609499e+06,3.2681702e+07,797114.6829268293,350015.8683905519,34901,1.149978e+06,,FP7-REGPOT,"Programme spécifique ""Capacités"": Potentiel de recherche des régions de convergence",Potentiel de recherche des régions de convergence
FP7-REGIONS,2012,40,8.6656898e+07,2.16642245e+06,920384.77277802,263470,3.585941e+06,7.5407324e+07,1.8851831e+06,800799.0140205532,249085,2.949032e+06,,FP7-REGIONS,"Programme spécifique ""Capacités"": Régions de la connaissance",Régions de la connaissance
FP7-JTI,2017,39,5.67188809e+08,1.4543302794871794e+07,2.0042485284442686e+07,999383,9.391997e+07,2.01010841e+08,5.154124128205128e+06,5.499566092920433e+06,661584,2.5907168e+07,,FP7-JTI,"Programme spécifique ""Coopération"": Initiatives technologiques conjointes",Initiatives technologiques conjointes
FP7-EURATOM-FISSION,2009,39,2.20538504e+08,5.654833435897436e+06,7.544262649205792e+06,25000,3.9588707e+07,9.9683271e+07,2.5559813076923075e+06,2.3526565496881003e+06,25000,8.999e+06,,FP7-EURATOM-FISSION,EURATOM: Fission nucléaire et radioprotection,Fission nucléaire et radioprotection
FP7-REGIONS,2009,38,3.2560871e+07,856865.0263157894,582145.6924657664,189840,3.585941e+06,2.7654157e+07,727740.9736842106,471939.0409947859,169924,2.8512e+06,,FP7-REGIONS,"Programme spécifique ""Capacités"": Régions de la connaissance",Régions de la connaissance
FP7-INCO,2009,38,5.9549217e+07,1.5670846578947369e+06,1.4064926005093828e+06,486783,4.937798e+06,4.6704678e+07,1.2290704736842106e+06,1.2247196292664988e+06,369821,4.199999e+06,,FP7-INCO,"Programme spécifique ""Capacités"": Coopération internationale",Coopération internationale
FP7-EURATOM-FISSION,2016,37,1.99852115e+08,5.401408513513514e+06,4.0295604259284185e+06,645589,1.5744518e+07,1.19311387e+08,3.224632081081081e+06,2.1902259929464934e+06,530000,8.7e+06,,FP7-EURATOM-FISSION,EURATOM: Fission nucléaire et radioprotection,Fission nucléaire et radioprotection
FP7-SSH,2017,36,1.97654381e+08,5.490399472222222e+06,3.300655542976808e+06,1.642183e+06,1.8181819e+07,1.4639908e+08,4.066641111111111e+06,1.9942572299678922e+06,1.498394e+06,8e+06,,FP7-SSH,"Programme spécifique ""Coopération"": Sciences socio-économiques et humaines",Sciences socio-économiques et humaines
FP7-SIS,2008,36,2.945617e+07,818226.9444444445,358192.12468698237,66000,1.590047e+06,2.3527389e+07,653538.5833333334,299801.7140779492,55000,1.343477e+06,,FP7-SIS,"Programme spécifique ""Capacités"": La science dans la société",La science dans la société
FP7-SIS,2016,35,1.18245084e+08,3.3784309714285713e+06,1.2729573989809148e+06,1.22966e+06,7.75853e+06,9.5547876e+07,2.729939314285714e+06,1.122764674742378e+06,999341,6.942031e+06,,FP7-SIS,"Programme spécifique ""Capacités"": La science dans la société",La science dans la société
FP7-REGIONS,2011,34,6.1207003e+07,1.8002059705882352e+06,1.0308088862028376e+06,218515,3.585941e+06,5.2901712e+07,1.555932705882353e+06,887022.0836930436,170034,2.949032e+06,,FP7-REGIONS,"Programme spécifique ""Capacités"": Régions de la connaissance",Régions de la connaissance
FP7-INCO,2016,34,9.8382574e+07,2.893605117647059e+06,5.051744549645992e+06,834177,3.1154999e+07,6.182672e+07,1.8184329411764706e+06,1.0636106510396262e+06,740139,4e+06,,FP7-INCO,"Programme spécifique ""Capacités"": Coopération internationale",Coopération internationale
FP7-PEOPLE,2019,32,2.74034411e+08,8.56357534375e+06,8.512758164260218e+06,100000,2.4545853e+07,1.1056156e+08,3.45504875e+06,3.3760732356432597e+06,100000,9.818341e+06,,FP7-PEOPLE,"Programme spécifique ""Personnes"" mettant en œuvre le septième programme-cadre de la Communauté européenne pour des activités de recherche, de développement technologique et de démonstration (2007-2013)","Programme spécifique ""Personnes"""
FP7-REGIONS,2014,32,8.4497957e+07,2.64056115625e+06,467879.8946737766,1.612177e+06,3.306893e+06,7.419496e+07,2.3185925e+06,417032.3565774752,1.402043e+06,2.889692e+06,,FP7-REGIONS,"Programme spécifique ""Capacités"": Régions de la connaissance",Régions de la connaissance
FP7-SECURITY,2008,30,1.11616529e+08,3.720550966666667e+06,3.753692718446174e+06,669134,1.9497387e+07,7.9079064e+07,2.6359688e+06,2.486397641161625e+06,150000,1.2898332e+07,,FP7-SECURITY,"Programme spécifique ""Coopération"": Sécurité",Sécurité
FP7-SPACE,2017,30,1.11796712e+08,3.726557066666667e+06,2.500773736105927e+06,2.544144e+06,1.5890993e+07,7.785158e+07,2.5950526666666665e+06,1.09480970355459e+06,1.981301e+06,6.996159e+06,,FP7-SPACE,"Programme spécifique ""Coopération"": Espace",Espace
FP7-INFRASTRUCTURES,2016,27,2.61305656e+08,9.67798725925926e+06,5.35545581766971e+06,1.169853e+06,2.6571609e+07,1.92783574e+08,7.14013237037037e+06,3.46946490945932e+06,1.015e+06,1.9e+07,,FP7-INFRASTRUCTURES,"Programme spécifique ""Capacités"": Infrastructures de recherche",Infrastructures de recherche
FP7-ICT,2007,24,9.2006975e+07,3.8336239583333335e+06,3.0338054929043115e+06,609502,1.2286876e+07,6.3751214e+07,2.6563005833333335e+06,1.9713786419610623e+06,584000,8.398295e+06,,FP7-ICT,"Programme spécifique ""Coopération"":  Technologies de l’information et de la communication",Technologies de l'information et de la communication
FP7-TRANSPORT,2017,24,3.05705588e+08,1.2737732833333334e+07,1.2273302269688567e+07,1.309268e+06,4.5043663e+07,1.83712847e+08,7.654701958333333e+06,7.358386581108397e+06,1.188254e+06,2.6459215e+07,,FP7-TRANSPORT,"Programme spécifique ""Coopération"": Transports (y compris l’aéronautique)",Transports (y compris l’aéronautique)
FP7-KBBE,2018,24,2.29019979e+08,9.542499125e+06,2.7334288349728943e+06,3.773113e+06,1.4154061e+07,1.61269802e+08,6.719575083333333e+06,2.199653179097558e+06,2.99989e+06,8.999809e+06,,FP7-KBBE,"Programme spécifique ""Coopération"": Alimentation, agriculture et biotechnologie","Alimentation, agriculture et pêche, et biotechnologie"
FP7-REGIONS,2015,22,5.8112766e+07,2.6414893636363638e+06,471283.8709697494,1.612177e+06,3.306893e+06,5.1018754e+07,2.319034272727273e+06,427832.9336757071,1.402043e+06,2.889692e+06,,FP7-REGIONS,"Programme spécifique ""Capacités"": Régions de la connaissance",Régions de la connaissance
FP7-SPACE,2009,21,2.58846306e+08,1.232601457142857e+07,1.624979785609036e+07,345760,5.5008475e+07,1.90252846e+08,9.059659333333334e+06,1.2540157382854315e+07,309711,4.8e+07,,FP7-SPACE,"Programme spécifique ""Coopération"": Espace",Espace
FP7-GA,2010,20,4.2709022e+08,2.1354511e+07,6.118076103356502e+07,107754,2.80086352e+08,3.05833444e+08,1.52916722e+07,5.403686269586235e+07,95186,2.5e+08,,FP7-GA,Coordination de programmes de recherche non communautaires,Programmes de recherche non communautaires
FP7-IDEAS-ERC,2020,18,1.37347887e+08,7.630438166666667e+06,4.897031910396589e+06,1.689631e+06,1.4983261e+07,1.37347887e+08,7.630438166666667e+06,4.897031910396589e+06,1.689631e+06,1.4983261e+07,,FP7-IDEAS-ERC,"Programme spécifique ""Idées"" mettant en œuvre le septième programme-cadre de la Communauté européenne pour des activités de recherche, de développement technologique et de démonstration (2007-2013)","Programme spécifique ""Idées"""
FP7-EURATOM-FISSION,2008,18,9.1494209e+07,5.083011611111111e+06,6.152524187927362e+06,25000,2.378336e+07,4.8338817e+07,2.6854898333333335e+06,2.589626451881778e+06,25000,8.999e+06,,FP7-EURATOM-FISSION,EURATOM: Fission nucléaire et radioprotection,Fission nucléaire et radioprotection
FP7-GA,2009,18,4.26571715e+08,2.3698428611111112e+07,6.406281605020898e+07,107754,2.80086352e+08,3.05362266e+08,1.6964570333333332e+07,5.671365927302208e+07,95186,2.5e+08,,FP7-GA,Coordination de programmes de recherche non communautaires,Programmes de recherche non communautaires
FP7-ENERGY,2018,17,7.14154419e+08,4.200908347058824e+07,4.8187176210124694e+07,9.219967e+06,2.24588486e+08,2.88905431e+08,1.699443711764706e+07,9.01665628126242e+06,5.681652e+06,3.5499975e+07,,FP7-ENERGY,"Programme spécifique ""Coopération"": Énergie",Énergie
FP7-REGIONS,2008,17,1.2105457e+07,712085.7058823529,373638.0936314719,189840,1.265948e+06,1.0186388e+07,599199.2941176471,313784.0884703187,169924,984239,,FP7-REGIONS,"Programme spécifique ""Capacités"": Régions de la connaissance",Régions de la connaissance
FP7-HEALTH,2019,17,1.99195698e+08,1.1717394e+07,9.109592246415397e+06,5.839077e+06,3.9560968e+07,1.48010194e+08,8.706482e+06,6.917947233753471e+06,4.5e+06,2.9998903e+07,,FP7-HEALTH,"Programme spécifique ""Coopération"": Santé",Santé
FP7-GA,2011,17,4.26853537e+08,2.5109031588235293e+07,6.56480927928637e+07,270425,2.80086352e+08,3.05925463e+08,1.7995615470588237e+07,5.819412940389549e+07,241253,2.5e+08,,FP7-GA,Coordination de programmes de recherche non communautaires,Programmes de recherche non communautaires
FP7-GA,2012,17,4.35210734e+08,2.5600631411764707e+07,6.549303176665265e+07,289161,2.80086352e+08,3.10458188e+08,1.8262246352941178e+07,5.812355781419497e+07,203750,2.5e+08,,FP7-GA,Coordination de programmes de recherche non communautaires,Programmes de recherche non communautaires
FP7-INCO,2008,17,3.351971e+07,1.9717476470588236e+06,1.708677250327383e+06,486783,4.937798e+06,2.7164905e+07,1.5979355882352942e+06,1.541788526699776e+06,369821,4.199999e+06,,FP7-INCO,"Programme spécifique ""Capacités"": Coopération internationale",Coopération internationale
FP7-REGPOT,2017,17,5.6849017e+07,3.3440598235294116e+06,1.053916158848301e+06,2.280766e+06,5.383242e+06,4.7948549e+07,2.820502882352941e+06,1.0475557529938798e+06,1.842818e+06,4.811e+06,,FP7-REGPOT,"Programme spécifique ""Capacités"": Potentiel de recherche des régions de convergence",Potentiel de recherche des régions de convergence
FP7-JTI,2009,15,1.00454472e+08,6.6969648e+06,1.643374790211657e+07,44567,5.8300757e+07,1.8519752e+07,1.2346501333333333e+06,2.7012758754747943e+06,33425,9.736226e+06,,FP7-JTI,"Programme spécifique ""Coopération"": Initiatives technologiques conjointes",Initiatives technologiques conjointes
FP7-SIS,2017,15,5.2368099e+07,3.4912066e+06,1.1103821598419046e+06,1.22966e+06,4.669382e+06,4.0648239e+07,2.7098826e+06,957939.5100908895,999341,3.995765e+06,,FP7-SIS,"Programme spécifique ""Capacités"": La science dans la société",La science dans la société
FP7-INFRASTRUCTURES,2017,14,1.39984734e+08,9.99890957142857e+06,4.0042284969654935e+06,6.45264e+06,2.3400922e+07,9.8981253e+07,7.0700895e+06,1.2069936704324954e+06,4.998502e+06,9e+06,,FP7-INFRASTRUCTURES,"Programme spécifique ""Capacités"": Infrastructures de recherche",Infrastructures de recherche
FP7-EURATOM-FISSION,2017,14,9.9149718e+07,7.082122714285715e+06,3.8725289335062695e+06,645589,1.4730136e+07,5.6807948e+07,4.0577105714285714e+06,2.2006625841786093e+06,530000,8e+06,,FP7-EURATOM-FISSION,EURATOM: Fission nucléaire et radioprotection,Fission nucléaire et radioprotection
FP7-SPACE,2008,14,1.13080767e+08,8.077197642857143e+06,1.3577777741301795e+07,56200,4.8e+07,9.4684067e+07,6.763147642857143e+06,1.263960489822788e+07,50000,4.8e+07,,FP7-SPACE,"Programme spécifique ""Coopération"": Espace",Espace
FP7-INFRASTRUCTURES,2007,13,6.1900755e+07,4.761596538461538e+06,2.6164950056274966e+06,122148,8.767158e+06,4.4063305e+07,3.389485e+06,1.7427199641291064e+06,91611,6e+06,,FP7-INFRASTRUCTURES,"Programme spécifique ""Capacités"": Infrastructures de recherche",Infrastructures de recherche
FP7-SME,2017,13,3.0436318e+07,2.341255230769231e+06,449424.02596659627,1.648729e+06,3.054998e+06,2.2981233e+07,1.7677871538461538e+06,346376.33091943094,1.289975e+06,2.347999e+06,,FP7-SME,"Programme spécifique ""Capacités"": Recherche en faveur des PME",Recherche en faveur des PME
FP7-COH,2011,13,2.2803624e+07,1.754124923076923e+06,2.247945747204646e+06,204527,7.072114e+06,1.8212813e+07,1.4009856153846155e+06,1.6795187251068517e+06,150000,5.35928e+06,,FP7-COH,"Programme spécifique ""Capacités"": Soutien au développement cohérent des politiques de recherche",Soutien au développement cohérent des politiques de recherche
FP7-REGIONS,2016,12,3.2604335e+07,2.7170279166666665e+06,391461.4449690328,2.095406e+06,3.306893e+06,2.8526111e+07,2.3771759166666665e+06,325016.291833568,1.951263e+06,2.883782e+06,,FP7-REGIONS,"Programme spécifique ""Capacités"": Régions de la connaissance",Régions de la connaissance
FP7-COH,2012,12,2.5779609e+07,2.14830075e+06,2.689593050705352e+06,204527,7.072114e+06,2.0013095e+07,1.6677579166666667e+06,2.014394121802817e+06,150000,5.35928e+06,,FP7-COH,"Programme spécifique ""Capacités"": Soutien au développement cohérent des politiques de recherche",Soutien au développement cohérent des politiques de recherche
FP7-COH,2009,11,2.0955336e+07,1.9050305454545454e+06,2.4089541016872623e+06,187500,7.072114e+06,1.6263646e+07,1.4785132727272727e+06,1.815568648508485e+06,150000,5.35928e+06,,FP7-COH,"Programme spécifique ""Capacités"": Soutien au développement cohérent des politiques de recherche",Soutien au développement cohérent des politiques de recherche
FP7-COH,2010,11,2.1307529e+07,1.9370480909090908e+06,2.393608381396075e+06,215193,7.072114e+06,1.7062813e+07,1.5511648181818181e+06,1.7760102049172833e+06,200000,5.35928e+06,,FP7-COH,"Programme spécifique ""Capacités"": Soutien au développement cohérent des politiques de recherche",Soutien au développement cohérent des politiques de recherche
FP7-ENVIRONMENT,2018,11,1.19237156e+08,1.0839741454545455e+07,3.0593183323550527e+06,4.253675e+06,1.6296451e+07,8.6861606e+07,7.896509636363637e+06,2.7781560747048254e+06,2.996867e+06,1.1988935e+07,,FP7-ENVIRONMENT,"Programme spécifique ""Coopération"": Environnement (y compris les changements climatiques)",Environnement (y compris les changements climatiques)
FP7-GA,2013,11,3.38455714e+08,3.0768701272727273e+07,7.914877478837344e+07,289161,2.80086352e+08,2.74423146e+08,2.4947558727272727e+07,7.118874898941782e+07,203750,2.5e+08,,FP7-GA,Coordination de programmes de recherche non communautaires,Programmes de recherche non communautaires
FP7-REGPOT,2019,11,2.994668e+07,2.7224254545454546e+06,155019.3156254252,2.396248e+06,2.938487e+06,2.3879505e+07,2.170864090909091e+06,162222.3036764138,1.842818e+06,2.378334e+06,,FP7-REGPOT,"Programme spécifique ""Capacités"": Potentiel de recherche des régions de convergence",Potentiel de recherche des régions de convergence
FP7-REGPOT,2018,11,2.994668e+07,2.7224254545454546e+06,155019.3156254252,2.396248e+06,2.938487e+06,2.3879505e+07,2.170864090909091e+06,162222.3036764138,1.842818e+06,2.378334e+06,,FP7-REGPOT,"Programme spécifique ""Capacités"": Potentiel de recherche des régions de convergence",Potentiel de recherche des régions de convergence
FP7-ICT,2018,9,8.3047699e+07,9.227522111111112e+06,6.352298044839546e+06,3.342623e+06,2.5614056e+07,6.181163e+07,6.867958888888889e+06,4.827908134059845e+06,2.555978e+06,1.975e+07,,FP7-ICT,"Programme spécifique ""Coopération"":  Technologies de l’information et de la communication",Technologies de l'information et de la communication
FP7-GA,2008,9,3.97126955e+08,4.4125217222222224e+07,8.578233292502445e+07,107754,2.80086352e+08,2.88025965e+08,3.2002885e+07,7.73256714879648e+07,95186,2.5e+08,,FP7-GA,Coordination de programmes de recherche non communautaires,Programmes de recherche non communautaires
FP7-SSH,2018,8,5.5199149e+07,6.899893625e+06,4.602607716732547e+06,3.169529e+06,1.8181819e+07,3.4944551e+07,4.368068875e+06,1.5387491885871491e+06,2.467861e+06,6.482757e+06,,FP7-SSH,"Programme spécifique ""Coopération"": Sciences socio-économiques et humaines",Sciences socio-économiques et humaines
FP7-COH,2014,8,1.8096413e+07,2.262051625e+06,2.591389840809895e+06,426900,7.072114e+06,1.4337079e+07,1.792134875e+06,1.916160211072357e+06,389915,5.35928e+06,,FP7-COH,"Programme spécifique ""Capacités"": Soutien au développement cohérent des politiques de recherche",Soutien au développement cohérent des politiques de recherche
FP7-COH,2013,8,1.7815485e+07,2.226935625e+06,2.616561077377468e+06,217572,7.072114e+06,1.4067488e+07,1.758436e+06,1.9408802069112225e+06,200000,5.35928e+06,,FP7-COH,"Programme spécifique ""Capacités"": Soutien au développement cohérent des politiques de recherche",Soutien au développement cohérent des politiques de recherche
FP7-SECURITY,2018,8,1.62947404e+08,2.03684255e+07,1.5971912111705983e+07,5.554326e+06,4.8354957e+07,1.13421199e+08,1.4177649875e+07,1.0199652130855475e+07,4.997588e+06,3.3468209e+07,,FP7-SECURITY,"Programme spécifique ""Coopération"": Sécurité",Sécurité
FP7-SPACE,2018,8,3.2079699e+07,4.009962375e+06,1.7639269627437766e+06,2.609191e+06,7.072124e+06,2.378122e+07,2.9726525e+06,1.1835065697695767e+06,1.991902e+06,4.999727e+06,,FP7-SPACE,"Programme spécifique ""Coopération"": Espace",Espace
FP7-INCO,2017,8,5.0218381e+07,6.277297625e+06,9.476388458640678e+06,1.056708e+06,3.1154999e+07,2.0162621e+07,2.520327625e+06,1.1080397656033083e+06,917525,3.999944e+06,,FP7-INCO,"Programme spécifique ""Capacités"": Coopération internationale",Coopération internationale
FP7-COH,2015,7,1.1038679e+07,1.576954142857143e+06,1.972946610979442e+06,441280,6.364485e+06,8.982442e+06,1.283206e+06,1.4551767510802844e+06,394558,4.8e+06,,FP7-COH,"Programme spécifique ""Capacités"": Soutien au développement cohérent des politiques de recherche",Soutien au développement cohérent des politiques de recherche
FP7-GA,2014,7,2.96658671e+08,4.237981014285714e+07,9.707843281845284e+07,705829,2.80086352e+08,2.61552863e+08,3.736469471428572e+07,8.681938891208465e+07,575251,2.5e+08,,FP7-GA,Coordination de programmes de recherche non communautaires,Programmes de recherche non communautaires
FP7-NMP,2018,6,7.3549547e+07,1.2258257833333334e+07,5.084984922038917e+06,1.711827e+06,1.8286366e+07,5.2827857e+07,8.804642833333334e+06,3.5835996241806187e+06,1.5e+06,1.3317e+07,,FP7-NMP,"Programme spécifique ""Coopération"":  Nanosciences, nanotechnologies, matériaux et nouvelles technologies de production","Nanosciences, nanotechnologies, matériaux et nouvelles technologies de production"
FP7-ENERGY,2019,5,2.23586404e+08,4.47172808e+07,7.3366562424588865e+06,3.3340202e+07,5.5610075e+07,1.26664932e+08,2.53329864e+07,3.1895437786154677e+06,1.9213448e+07,2.7805038e+07,,FP7-ENERGY,"Programme spécifique ""Coopération"": Énergie",Énergie
FP7-TRANSPORT,2007,5,4.586281e+06,917256.2,718396.9172292987,150002,1.999985e+06,4.422554e+06,884510.8,732794.2526252235,150000,1.999985e+06,,FP7-TRANSPORT,"Programme spécifique ""Coopération"": Transports (y compris l’aéronautique)",Transports (y compris l’aéronautique)
FP7-COH,2016,5,9.653368e+06,1.9306736e+06,2.233335833702097e+06,441280,6.364485e+06,7.762442e+06,1.5524884e+06,1.64107269470741e+06,394558,4.8e+06,,FP7-COH,"Programme spécifique ""Capacités"": Soutien au développement cohérent des politiques de recherche",Soutien au développement cohérent des politiques de recherche
FP7-EURATOM-FISSION,2018,5,3.2476648e+07,6.4953296e+06,5.159610190911038e+06,1.502881e+06,1.4730136e+07,1.4981183e+07,2.9962366e+06,1.8707273047449326e+06,780000,5.5e+06,,FP7-EURATOM-FISSION,EURATOM: Fission nucléaire et radioprotection,Fission nucléaire et radioprotection
FP7-JTI,2018,4,9.0237362e+07,2.25593405e+07,1.3772537329499701e+07,8.578142e+06,4.1891578e+07,3.8548327e+07,9.63708175e+06,4.6498547168804845e+06,4.590095e+06,1.4999983e+07,,FP7-JTI,"Programme spécifique ""Coopération"": Initiatives technologiques conjointes",Initiatives technologiques conjointes
FP7-COH,2008,4,8.011945e+06,2.00298625e+06,2.821913831762442e+06,187500,6.877135e+06,5.726489e+06,1.43162225e+06,2.1699025439683204e+06,150000,5.18987e+06,,FP7-COH,"Programme spécifique ""Capacités"": Soutien au développement cohérent des politiques de recherche",Soutien au développement cohérent des politiques de recherche
FP7-GA,2007,4,3.67825738e+08,9.19564345e+07,1.1106173574169225e+08,362043,2.80086352e+08,2.78595001e+08,6.964875025e+07,1.0439123517477205e+08,328239,2.5e+08,,FP7-GA,Coordination de programmes de recherche non communautaires,Programmes de recherche non communautaires
FP7-SME,2007,3,3.770069e+06,1.2566896666666667e+06,612742.2462788811,499198,1.9999e+06,2.281293e+06,760431,219427.76820174788,499198,1.036102e+06,,FP7-SME,"Programme spécifique ""Capacités"": Recherche en faveur des PME",Recherche en faveur des PME
FP7-HEALTH,2020,3,5.5799775e+07,1.8599925e+07,1.4821707148564838e+07,8.096788e+06,3.9560968e+07,4.1997243e+07,1.3999081e+07,1.1313582653982455e+07,5.998346e+06,2.9998903e+07,,FP7-HEALTH,"Programme spécifique ""Coopération"": Santé",Santé
FP7-EURATOM-FUSION,2013,3,3.789182e+06,1.2630606666666667e+06,905301.2918586215,306492,2.47829e+06,3.149085e+06,1.049695e+06,722328.4244141765,250000,2e+06,,FP7-EURATOM-FUSION,EURATOM: Recherche sur l'énergie de fusion,Énergie de fusion
FP7-EURATOM-FUSION,2011,3,6.717565e+06,2.2391883333333335e+06,926150.41494649,1.0044e+06,3.234875e+06,4.998981e+06,1.666327e+06,544052.7043262139,899085,2.099896e+06,,FP7-EURATOM-FUSION,EURATOM: Recherche sur l'énergie de fusion,Énergie de fusion
FP7-EURATOM-FUSION,2010,3,6.717565e+06,2.2391883333333335e+06,926150.41494649,1.0044e+06,3.234875e+06,4.998981e+06,1.666327e+06,544052.7043262139,899085,2.099896e+06,,FP7-EURATOM-FUSION,EURATOM: Recherche sur l'énergie de fusion,Énergie de fusion
FP7-EURATOM-FUSION,2009,3,6.717565e+06,2.2391883333333335e+06,926150.41494649,1.0044e+06,3.234875e+06,4.998981e+06,1.666327e+06,544052.7043262139,899085,2.099896e+06,,FP7-EURATOM-FUSION,EURATOM: Recherche sur l'énergie de fusion,Énergie de fusion
FP7-SME,2006,2,3.270871e+06,1.6354355e+06,364464.5,1.270971e+06,1.9999e+06,1.782095e+06,891047.5,145054.5,745993,1.036102e+06,,FP7-SME,"Programme spécifique ""Capacités"": Recherche en faveur des PME",Recherche en faveur des PME
FP7-TRANSPORT,2018,2,2.0569935e+07,1.02849675e+07,1.2599675e+06,9.025e+06,1.1544935e+07,7.675e+06,3.8375e+06,1.1625e+06,2.675e+06,5e+06,,FP7-TRANSPORT,"Programme spécifique ""Coopération"": Transports (y compris l’aéronautique)",Transports (y compris l’aéronautique)
FP7-JTI,2019,2,5.046972e+07,2.523486e+07,1.6656718e+07,8.578142e+06,4.1891578e+07,1.9590078e+07,9.795039e+06,5.204944e+06,4.590095e+06,1.4999983e+07,,FP7-JTI,"Programme spécifique ""Coopération"": Initiatives technologiques conjointes",Initiatives technologiques conjointes
FP7-GA,2015,2,2.88937936e+08,1.44468968e+08,1.35617384e+08,8.851584e+06,2.80086352e+08,2.55e+08,1.275e+08,1.225e+08,5e+06,2.5e+08,,FP7-GA,Coordination de programmes de recherche non communautaires,Programmes de recherche non communautaires
FP7-SIS,2018,2,7.427913e+06,3.7139565e+06,928565.5,2.785391e+06,4.642522e+06,6.486284e+06,3.243142e+06,752623,2.490519e+06,3.995765e+06,,FP7-SIS,"Programme spécifique ""Capacités"": La science dans la société",La science dans la société
FP7-EURATOM-FUSION,2012,2,3.48269e+06,1.741345e+06,736945,1.0044e+06,2.47829e+06,2.899085e+06,1.4495425e+06,550457.5,899085,2e+06,,FP7-EURATOM-FUSION,EURATOM: Recherche sur l'énergie de fusion,Énergie de fusion
FP7-EURATOM-FUSION,2008,2,5.713165e+06,2.8565825e+06,378292.5,2.47829e+06,3.234875e+06,4.099896e+06,2.049948e+06,49948,2e+06,2.099896e+06,,FP7-EURATOM-FUSION,EURATOM: Recherche sur l'énergie de fusion,Énergie de fusion
FP7-ENERGY,2007,1,1.36825e+06,1.36825e+06,0,1.36825e+06,1.36825e+06,684125,684125,0,684125,684125,,FP7-ENERGY,"Programme spécifique ""Coopération"": Énergie",Énergie
FP7-INFRASTRUCTURES,2018,1,7.03596e+06,7.03596e+06,0,7.03596e+06,7.03596e+06,6e+06,6e+06,0,6e+06,6e+06,,FP7-INFRASTRUCTURES,"Programme spécifique ""Capacités"": Infrastructures de recherche",Infrastructures de recherche
FP7-SSH,2019,1,6.40383e+06,6.40383e+06,0,6.40383e+06,6.40383e+06,4.99999e+06,4.99999e+06,0,4.99999e+06,4.99999e+06,,FP7-SSH,"Programme spécifique ""Coopération"": Sciences socio-économiques et humaines",Sciences socio-économiques et humaines
FP7-SSH,2007,1,1.654552e+06,1.654552e+06,0,1.654552e+06,1.654552e+06,1.482227e+06,1.482227e+06,0,1.482227e+06,1.482227e+06,,FP7-SSH,"Programme spécifique ""Coopération"": Sciences socio-économiques et humaines",Sciences socio-économiques et humaines
FP7-IDEAS-ERC,2021,1,9.257e+06,9.257e+06,0,9.257e+06,9.257e+06,9.257e+06,9.257e+06,0,9.257e+06,9.257e+06,,FP7-IDEAS-ERC,"Programme spécifique ""Idées"" mettant en œuvre le septième programme-cadre de la Communauté européenne pour des activités de recherche, de développement technologique et de démonstration (2007-2013)","Programme spécifique ""Idées"""
FP7-TRANSPORT,2019,1,1.1544935e+07,1.1544935e+07,0,1.1544935e+07,1.1544935e+07,5e+06,5e+06,0,5e+06,5e+06,,FP7-TRANSPORT,"Programme spécifique ""Coopération"": Transports (y compris l’aéronautique)",Transports (y compris l’aéronautique)
FP7-REGIONS,2017,1,3.288164e+06,3.288164e+06,0,3.288164e+06,3.288164e+06,2.883782e+06,2.883782e+06,0,2.883782e+06,2.883782e+06,,FP7-REGIONS,"Programme spécifique ""Capacités"": Régions de la connaissance",Régions de la connaissance
FP7-KBBE,2019,1,7.955911e+06,7.955911e+06,0,7.955911e+06,7.955911e+06,6e+06,6e+06,0,6e+06,6e+06,,FP7-KBBE,"Programme spécifique ""Coopération"": Alimentation, agriculture et biotechnologie","Alimentation, agriculture et pêche, et biotechnologie"
FP7-ENVIRONMENT,2019,1,9.990594e+06,9.990594e+06,0,9.990594e+06,9.990594e+06,7.590585e+06,7.590585e+06,0,7.590585e+06,7.590585e+06,,FP7-ENVIRONMENT,"Programme spécifique ""Coopération"": Environnement (y compris les changements climatiques)",Environnement (y compris les changements climatiques)
FP7-ENVIRONMENT,2007,1,1.498197e+06,1.498197e+06,0,1.498197e+06,1.498197e+06,1e+06,1e+06,0,1e+06,1e+06,,FP7-ENVIRONMENT,"Programme spécifique ""Coopération"": Environnement (y compris les changements climatiques)",Environnement (y compris les changements climatiques)
FP7-SPACE,2007,1,4.8e+07,4.8e+07,0,4.8e+07,4.8e+07,4.8e+07,4.8e+07,0,4.8e+07,4.8e+07,,FP7-SPACE,"Programme spécifique ""Coopération"": Espace",Espace
FP7-GA,2016,1,8.851584e+06,8.851584e+06,0,8.851584e+06,8.851584e+06,5e+06,5e+06,0,5e+06,5e+06,,FP7-GA,Coordination de programmes de recherche non communautaires,Programmes de recherche non communautaires
FP7-INCO,2018,1,3.1154999e+07,3.1154999e+07,0,3.1154999e+07,3.1154999e+07,3.5e+06,3.5e+06,0,3.5e+06,3.5e+06,,FP7-INCO,"Programme spécifique ""Capacités"": Coopération internationale",Coopération internationale
FP7-SIS,2007,1,593750,593750,0,593750,593750,100000,100000,0,100000,100000,,FP7-SIS,"Programme spécifique ""Capacités"": La science dans la société",La science dans la société
FP7-EURATOM-FUSION,2015,1,306492,306492,0,306492,306492,250000,250000,0,250000,250000,,FP7-EURATOM-FUSION,EURATOM: Recherche sur l'énergie de fusion,Énergie de fusion
FP7-EURATOM-FUSION,2014,1,306492,306492,0,306492,306492,250000,250000,0,250000,250000,,FP7-EURATOM-FUSION,EURATOM: Recherche sur l'énergie de fusion,Énergie de fusion
